netid,name,school_year,intro_programming,skill_programming,skill_data_stats,skill_frontend_design,skill_business_pitch,tools,availability,idea_rank_1,idea_rank_2,idea_rank_3,partner_request,working_style,interests,semester_goal,submitted_at
jq2306,Jin Michael Qian,Senior,took_it,3,4,2,5,SQL; Python; Excel; JavaScript,Weekend mornings; Weekday mornings; Weekday evenings; Weekend afternoons,22,4,14,,"I’m good at multitasking, I can coordinate team events and organize agenda, good at providing ideas","City exploring, hiking, poker, gym, mahjong(Japanese), food",An app that people actually wanna use as a better replacement for current options,2026-09-11T01:47:37+00:00
zh2740,Edward Huang,Senior,took_it,2,3,2,4,Python; SQL; Excel,Weekend afternoons; Weekend evenings; Weekend mornings; Weekday mornings,8,23,11,,"I prefer direct, concise collaboration with clearly defined responsibilities. I usually prefer to get things done a couple days in advance (just so I can have peace of mind).","Watch movies, hang out with friends and family, travel, go on hikes.","I hope that we can build an app that properly functions and solves a real problem people have. In the process, I look forward to pick up some vibe coding/development skills.",2026-09-11T01:59:42+00:00
yo2162@nyu.edu,Yulong Ou,Senior,took_it,3,3,3,3,Python; SQL; JavaScript; R; Excel,Weekday mornings; Weekend mornings,10,27,21,,"I work best with a clear plan, defined responsibilities, and regular communication. I am comfortable taking ownership of technical tasks, working independently, and letting the team know early when I encounter a problem.","Outside class, I enjoy working on AI and computer vision research, building side projects, and mentoring younger students in app development. I also like following technology and finance and exploring New York City.","By December, I want to have built a polished end-to-end application that uses real data, includes a reliable data science model, and has a user-friendly interface. I also want to improve at turning an ambitious idea into a manageable product and collaborating effectively through GitHub.",2026-09-11T03:15:17+00:00
N16059079,Maxson Cook,Sophomore,took_it,4,4,1,1,Python; SQL; Excel; JavaScript,Weekend mornings; Weekend afternoons; Weekend evenings; Weekday mornings,18,30,1,Alex Xu,Efficient and collaborative. I’d rather we discuss a lot and then maybe execute separately but have clear goals and communication.,"Running
Basketball
Football
Fantasy football
Soccer
Horse racing",I want to build out my horse racing project regardless of whether or not I do this with my group or not.,2026-09-11T03:15:25+00:00
nsc9331,Natalie Chen,Junior,took_it,3,3,1,1,Python; Excel; R; SQL,Weekday evenings; Weekend evenings; Weekend afternoons; Weekend mornings,15,11,25,,I like to be organized and like to divide roles between members in the group ,"Dance, eating out at restaurants, music, cooking",I want to learn how to design things on the frontend,2026-09-11T03:23:19+00:00
yk2772,Solomon Kim,Junior,took_it,5,5,5,4,SQL; Python; JavaScript; Excel,Weekday evenings; Weekday afternoons,11,28,5,,I tend to work things before deadline. ,I like running and playing badminton. ,How to build and service an idea,2026-09-11T13:55:36+00:00
ai2278,Avirul Islam,Senior,took_it,4,5,4,5,Excel; SQL; Python; JavaScript; R,Weekday mornings; Weekend mornings; Weekend afternoons; Weekday afternoons; Weekday evenings; Weekend evenings,1,24,10,,#NAME?,"Finance, Quant, Tech",Built a demo which is presentable and something which I can carry forward. ,2026-09-11T14:27:14+00:00
mr7316,Myra Rafiq,Junior,equivalent,3,4,2,4,Python; Excel; SQL,Weekday mornings; Weekday afternoons; Weekday evenings; Weekend mornings; Weekend afternoons; Weekend evenings,16,29,10,Sheharyar Khan,"I’m pretty Type A and like getting things done ahead of time rather than leaving everything until the last minute. I like being on time, making lists, keeping track of tasks, and knowing what needs to get done.","I love trying new cafes, reading thriller novels, poetry, and spending time with friends. I’m also really interested in startups, AI, and building random ideas that I think could be useful, especially in the education space.",I want to build something I’m genuinely proud of and learn how to take an idea from a rough concept to a working product. I’d especially like to get better at using AI and data in a way that actually solves a real problem.,2026-09-11T15:38:07+00:00